{"cameraMode":{"drawMode":0,"name":"Shaded","section":"Shading Mode"},"sceneLighting":true,"audioPlay":false,"sceneViewState":{"showFog":true,"showMaterialUpdate":false,"showSkybox":true,"showFlares":true,"showImageEffects":true,"showParticleSystems":true},"in2DMode":false,"pivot":{"x":-5.489999771118164,"y":13.51225757598877,"z":-36.0099983215332},"rotation":{"x":-0.15364424884319306,"y":-0.41228097677230837,"z":0.07039725035429001,"w":-0.8953192234039307},"size":54.364627838134769,"orthographic":true}