{"cameraMode":{"drawMode":0,"name":"Shaded","section":"Shading Mode"},"sceneLighting":true,"audioPlay":false,"sceneViewState":{"showFog":true,"showMaterialUpdate":false,"showSkybox":true,"showFlares":true,"showImageEffects":true,"showParticleSystems":true},"in2DMode":false,"pivot":{"x":0.529911994934082,"y":3.9229466915130617,"z":3.80484676361084},"rotation":{"x":0.2841508388519287,"y":-0.5008018612861633,"z":0.17872466146945954,"w":0.797904908657074},"size":60.01556396484375,"orthographic":true}