{"cameraMode":{"drawMode":0,"name":"Shaded","section":"Shading Mode"},"sceneLighting":false,"audioPlay":false,"sceneViewState":{"showFog":true,"showMaterialUpdate":false,"showSkybox":true,"showFlares":true,"showImageEffects":true,"showParticleSystems":true},"in2DMode":false,"pivot":{"x":59.90508270263672,"y":89.03987884521485,"z":26.583288192749025},"rotation":{"x":0.1103285551071167,"y":-0.8889524936676025,"z":0.3333893120288849,"w":0.2941405773162842},"size":10.38854694366455,"orthographic":false}