{"cameraMode":{"drawMode":0,"name":"Shaded","section":"Shading Mode"},"sceneLighting":false,"audioPlay":false,"sceneViewState":{"showFog":true,"showMaterialUpdate":false,"showSkybox":true,"showFlares":true,"showImageEffects":true,"showParticleSystems":true},"in2DMode":false,"pivot":{"x":0.0,"y":1.1404396295547486,"z":-0.000316619873046875},"rotation":{"x":0.08831985294818878,"y":-0.4250481128692627,"z":0.04166652262210846,"w":0.8999314904212952},"size":30.91506576538086,"orthographic":false}