{"cameraMode":{"drawMode":0,"name":"Shaded","section":"Shading Mode"},"sceneLighting":false,"audioPlay":false,"sceneViewState":{"showFog":true,"showMaterialUpdate":false,"showSkybox":true,"showFlares":true,"showImageEffects":true,"showParticleSystems":true},"in2DMode":false,"pivot":{"x":35.85036849975586,"y":91.4615707397461,"z":6.91187858581543},"rotation":{"x":-0.29553747177124026,"y":0.5010390877723694,"z":-0.18705111742019654,"w":-0.7916131615638733},"size":4.7962775230407719,"orthographic":false}